{"0.0": 3.177555878730896, "0.7630774974822998": 4.083939160279584, "0.8061542510986328": 5.158575562360269, "1.2600431442260742": 4.069838659195662, "0.7350358963012695": 4.351181287521591, "0.5938503742218018": 5.088922330842687, "0.6557226181030273": 3.222590405340595, "0.7564427852630615": 4.0084083813140285, "0.702617883682251": 5.399968770607962, "0.4906578063964844": 3.3064878352962617, "0.5099763870239258": 3.897896677547372, "0.7676215171813965": 4.792961636688003, "0.798609733581543": 3.626954275366252, "0.7482900619506836": 5.020175877601926, "0.5087890625": 3.919532045634605, "0.7484898567199707": 3.8581653506221967, "0.5100016593933105": 3.050176543457533, "0.7174696922302246": 5.483448917635516, "0.5063960552215576": 4.919322148047509, "0.756554365158081": 5.607461778371877, "0.7578539848327637": 4.1147197588101285, "0.7471029758453369": 4.768883088580792, "0.6461434364318848": 4.673436366431514, "0.7576587200164795": 4.621213600236151, "0.753293514251709": 4.120413426655671, "0.7786786556243896": 5.55013765903245}