{"0.0": 2.33941014623471, "0.012412548065185547": 3.8795795451771804, "0.269716739654541": 8.883992126029389, "0.5129554271697998": 3.9342146594618925, "9.69674801826477": 2.4789183569755857, "0.01293182373046875": 4.265647301248794}